{
    "productDetails": [
        {
            "name": "Pen",
            "price": 10,
            "discount": 50
        },
        {
            "name": "Copy",
            "price": 100,
            "discount": 20
        },
        {
            "name": "Pencil",
            "price": 5,
            "discount": 10
        },
        {
            "name": "Book",
            "price": 500,
            "discount": 30
        },
        {
            "name": "Table",
            "price": 10000,
            "discount": 20
        },
        {
            "name": "Chair",
            "price": 3000,
            "discount": 10
        },
        {
            "name": "Laptop",
            "price": 45000,
            "discount": 15
        },
        {
            "name": "Keyboard",
            "price": 500,
            "discount": 25
        },
        {
            "name": "Mouse",
            "price": 300,
            "discount": 12
        },
        {
            "name": "Fan",
            "price": 2000,
            "discount": 13
        },
        {
            "name": "Cooler",
            "price": 15000,
            "discount": 40
        },
        {
            "name": "Air Conditioner",
            "price": 60000,
            "discount": 25
        },
        {
            "name": "Yoga Mat",
            "price": 500,
            "discount": 5
        },
        {
            "name": "Smart Phone",
            "price": 16000,
            "discount": 45
        },
        {
            "name": "Watch",
            "price": 4000,
            "discount": 28
        },
        {
            "name": "Curtain",
            "price": 2001,
            "discount": 55
        },
        {
            "name": "Room Heater",
            "price": 6001,
            "discount": 20
        },
        {
            "name": "Water Heater",
            "price": 8009,
            "discount": 50
        },
        {
            "name": "Macbook Pro",
            "price": 90000,
            "discount": 10
        },
        {
            "name": "HP Pro Book",
            "price": 48999,
            "discount": 5
        },
        {
            "name": "T-shirt",
            "price": 3890,
            "discount": 50
        },
        {
            "name": "Trouser",
            "price": 4500,
            "discount": 70
        },
        {
            "name": "Towel",
            "price": 1500,
            "discount": 80
        },
        {
            "name": "Apple Airpod",
            "price": 51000,
            "discount": 30
        },
        {
            "name": "MacBook Pro M1",
            "price": 150000,
            "discount": 16
        },
        {
            "name": "MacBook Air M1",
            "price": 98000,
            "discount": 20
        },
        {
            "name": "Samsung Galaxy M30",
            "price": 8900,
            "discount": 10
        },
        {
            "name": "Samsung 435 L ",
            "price": 49000,
            "discount": 12
        },
        {
            "name": "WhirlPool 190 L",
            "price": 16000,
            "discount": 15
        },
        {
            "name": "Whirlpool 245 L",
            "price": 22900,
            "discount": 20
        },
        {
            "name": "Smart Tv",
            "price": 25000,
            "discount": 20
        },
        {
            "name": "LG Smart TV",
            "price": 19000,
            "discount": 10
        },
        {
            "name": "Samsung Galaxy On5",
            "price": 7600,
            "discount": 30
        },
        {
            "name": "LG 80 cm HD TV",
            "price": 17899,
            "discount": 25
        },
        {
            "name": "Mi 4A LED TV",
            "price": 27999,
            "discount": 12
        },
        {
            "name": "Orient Electric 25 L",
            "price": 7800,
            "discount": 2
        },
        {
            "name": "Orient Electric 6 L",
            "price": 4599,
            "discount": 10
        },
        {
            "name": "Orient Electric 10 L",
            "price": 8900,
            "discount": 23
        },
        {
            "name": "Mi Smart Water Purifier",
            "price": 15999,
            "discount": 25
        },
        {
            "name": "Havells Plus 8 L",
            "price": 9876,
            "discount": 10
        }
    ]
}